policy,n_images,accepted_count,det_rate,weird_rate,accepted_weird_rate,high_conf_weird_rate,box_jump_rate,bad_rate,max_bad_streak,p95_bad_streak,bad_streaks_over_50,max_good_streak,mean_conf_accepted,fraction_low_conf_accepts,low_conf_accept_weird_rate,low_conf_accept_jump_rate
static_025,40,35,0.875,0.05000000074505806,0.0,0.0,0.0,0.125,2,2.0,0,14,0.7542102336883545,0.0,nan,nan
static_015,40,37,0.925000011920929,0.05000000074505806,0.0,0.0,0.0,0.07500000298023224,2,1.9500000476837158,0,22,0.725058913230896,0.05000000074505806,0.0,0.0
adaptive_025_to_015_stable,40,36,0.8999999761581421,0.05000000074505806,0.0,0.0,0.0,0.10000000149011612,2,2.0,0,22,0.7390509843826294,0.02500000037252903,0.0,0.0
adaptive_025_to_005_strict,40,37,0.925000011920929,0.05000000074505806,0.0,0.0,0.0,0.07500000298023224,2,1.9500000476837158,0,23,0.7230397462844849,0.05000000074505806,0.0,0.0
hysteresis_policy,40,36,0.8999999761581421,0.05000000074505806,0.0,0.0,0.0,0.10000000149011612,2,2.0,0,22,0.7390509843826294,0.02500000037252903,0.0,0.0
