policy,n_images,accepted_count,det_rate,weird_rate,accepted_weird_rate,high_conf_weird_rate,box_jump_rate,bad_rate,max_bad_streak,p95_bad_streak,bad_streaks_over_50,max_good_streak,mean_conf_accepted,fraction_low_conf_accepts,low_conf_accept_weird_rate,low_conf_accept_jump_rate
static_025,6735,5766,0.8561246991157532,0.06191536784172058,0.03251670300960541,0.004454343114048243,0.03014552965760231,0.18173719942569733,67,20.949996948242188,2,465,0.8236573934555054,0.0,nan,nan
static_020,6735,5855,0.8693392872810364,0.06191536784172058,0.03504083305597305,0.004454343114048243,0.03014552965760231,0.17164067924022675,67,20.949996948242188,2,469,0.8145646452903748,0.013214550912380219,0.1910112351179123,0.07865168899297714
static_015,6735,5955,0.8841871023178101,0.06191536784172058,0.0375649593770504,0.004454343114048243,0.03014552965760231,0.1596139520406723,51,20.25,1,469,0.8037548065185547,0.028062360361218452,0.17989417910575867,0.0793650820851326
static_010,6735,6080,0.902746856212616,0.06191536784172058,0.040682997554540634,0.004454343114048243,0.03014552965760231,0.14476615190505981,49,19.29998779296875,0,475,0.789789080619812,0.04662212356925011,0.17515923082828522,0.08598726242780685
static_005,6735,6265,0.9302152991294861,0.06191536784172058,0.044394951313734055,0.004454343114048243,0.03014552965760231,0.12308834493160248,46,20.149993896484375,0,478,0.7685949802398682,0.07409057021141052,0.16032063961029053,0.10220441222190857
adaptive_025_to_015_stable,6735,5899,0.8758723139762878,0.06191536784172058,0.03251670300960541,0.004454343114048243,0.03014552965760231,0.16243503987789154,67,20.300003051757812,2,469,0.8094994425773621,0.01974758692085743,0.0,0.02255639061331749
adaptive_025_to_005_strict,6735,5905,0.8767631649971008,0.06191536784172058,0.03251670300960541,0.004454343114048243,0.03014552965760231,0.16184112429618835,67,23.5,2,469,0.8077971935272217,0.02063845656812191,0.0,0.035971224308013916
hysteresis_policy,6735,5819,0.8639940619468689,0.06191536784172058,0.03251670300960541,0.004454343114048243,0.03014552965760231,0.1738678514957428,67,21.849990844726562,2,468,0.8179584741592407,0.007869339548051357,0.0,0.0
